Workbook

Sheet Student Data
A1: Student Name | B1: Title | C1: Department | D1: Workshop | E1: Assessment Marks | F1: Attendance % | G1: Grade | H1: Result | I1: Email
A2: Anjana Das | B2: Ms | C2: CSE | D2: Word Processing Workshop | E2: 92 | F2: 96 | G2: A+ | H2: =IF(AND(E2>=40,F2>=75),"Pass","Fail") -> Pass | I2: agnesbenoy14@gmail.com
A3: Rahul Menon | B3: Mr | C3: ECE | D3: Excel Analytics Workshop | E3: 78 | F3: 88 | G3: =IF(E3>=90,"A+",IF(E3>=80,"A",IF(E3>=70,"B",IF(E3>=60,"C",IF(E3>=40,"D","F"))))) -> B | H3: =IF(AND(E3>=40,F3>=75),"Pass","Fail") -> Pass
A4: Fathima Nasrin | B4: Ms | C4: EEE | D4: Word Processing Workshop | E4: 85 | F4: 94 | G4: A | H4: =IF(AND(E4>=40,F4>=75),"Pass","Fail") -> Pass
A5: Joseph Thomas | B5: Mr | C5: CSE | D5: Excel Analytics Workshop | E5: 64 | F5: 82 | G5: =IF(E5>=90,"A+",IF(E5>=80,"A",IF(E5>=70,"B",IF(E5>=60,"C",IF(E5>=40,"D","F"))))) -> C | H5: =IF(AND(E5>=40,F5>=75),"Pass","Fail") -> Pass
A6: Meera Nair | B6: Ms | C6: ECE | D6: Excel Analytics Workshop | E6: 96 | F6: 98 | G6: =IF(E6>=90,"A+",IF(E6>=80,"A",IF(E6>=70,"B",IF(E6>=60,"C",IF(E6>=40,"D","F"))))) -> A+ | H6: =IF(AND(E6>=40,F6>=75),"Pass","Fail") -> Pass
A7: Arjun Krishnan | B7: Mr | C7: EEE | D7: Word Processing Workshop | E7: 71 | F7: 85 | G7: =IF(E7>=90,"A+",IF(E7>=80,"A",IF(E7>=70,"B",IF(E7>=60,"C",IF(E7>=40,"D","F"))))) -> B | H7: =IF(AND(E7>=40,F7>=75),"Pass","Fail") -> Pass
A8: Sneha Varghese | B8: Ms | C8: CSE | D8: Excel Analytics Workshop | E8: 88 | F8: 92 | G8: =IF(E8>=90,"A+",IF(E8>=80,"A",IF(E8>=70,"B",IF(E8>=60,"C",IF(E8>=40,"D","F"))))) -> A | H8: =IF(AND(E8>=40,F8>=75),"Pass","Fail") -> Pass
A9: Akhil Raj | B9: Mr | C9: AI | D9: Word Processing Workshop | E9: 55 | F9: 78 | G9: =IF(E9>=90,"A+",IF(E9>=80,"A",IF(E9>=70,"B",IF(E9>=60,"C",IF(E9>=40,"D","F"))))) -> D | H9: =IF(AND(E9>=40,F9>=75),"Pass","Fail") -> Pass
A10: Diya Elizabeth | B10: Ms | C10: EEE | D10: Excel Analytics Workshop | E10: 93 | F10: 97 | G10: =IF(E10>=90,"A+",IF(E10>=80,"A",IF(E10>=70,"B",IF(E10>=60,"C",IF(E10>=40,"D","F"))))) -> A+ | H10: =IF(AND(E10>=40,F10>=75),"Pass","Fail") -> Pass
A11: Nikhil George | B11: Mr | C11: CSE | D11: Word Processing Workshop | E11: 82 | F11: 90 | G11: =IF(E11>=90,"A+",IF(E11>=80,"A",IF(E11>=70,"B",IF(E11>=60,"C",IF(E11>=40,"D","F"))))) -> A | H11: =IF(AND(E11>=40,F11>=75),"Pass","Fail") -> Pass
A12: Keerthana Suresh | B12: Ms | C12: ECE | D12: Word Processing Workshop | E12: 76 | F12: 89 | G12: =IF(E12>=90,"A+",IF(E12>=80,"A",IF(E12>=70,"B",IF(E12>=60,"C",IF(E12>=40,"D","F"))))) -> B | H12: =IF(AND(E12>=40,F12>=75),"Pass","Fail") -> Pass
A13: Vivek Pillai | B13: Mr | C13: EEE | D13: Excel Analytics Workshop | E13: 38 | F13: 72 | G13: =IF(E13>=90,"A+",IF(E13>=80,"A",IF(E13>=70,"B",IF(E13>=60,"C",IF(E13>=40,"D","F"))))) -> F | H13: =IF(AND(E13>=40,F13>=75),"Pass","Fail") -> Fail
A14: Amritha Mohan | B14: Ms | C14: CSE | D14: Excel Analytics Workshop | E14: 90 | F14: 95 | G14: =IF(E14>=90,"A+",IF(E14>=80,"A",IF(E14>=70,"B",IF(E14>=60,"C",IF(E14>=40,"D","F"))))) -> A+ | H14: =IF(AND(E14>=40,F14>=75),"Pass","Fail") -> Pass
A15: Sanjay Kurian | B15: Mr | C15: AI | D15: Word Processing Workshop | E15: 68 | F15: 84 | G15: =IF(E15>=90,"A+",IF(E15>=80,"A",IF(E15>=70,"B",IF(E15>=60,"C",IF(E15>=40,"D","F"))))) -> C | H15: =IF(AND(E15>=40,F15>=75),"Pass","Fail") -> Pass
A16: Neha Sebastian | B16: Ms | C16: AI | D16: Word Processing Workshop | E16: 59 | F16: 80 | G16: =IF(E16>=90,"A+",IF(E16>=80,"A",IF(E16>=70,"B",IF(E16>=60,"C",IF(E16>=40,"D","F"))))) -> D | H16: =IF(AND(E16>=40,F16>=75),"Pass","Fail") -> Pass

Sheet Analysis 
A1: Analysis of Student Results
A3: Class Summary | B3: Value | E3: Department | F3: Students | G3: Average Marks | H3: Total Marks
A4: Total students | B4: =COUNTA('[1]Student Data'!A2:A16) -> 15 | E4: CSE | F4: =COUNTIF('Student Data'!$C$2:$C$16,E4) -> 5 | G4: =AVERAGEIF('Student Data'!$C$2:$C$16,E4,'Student Data'!$E$2:$E$16) -> 83.2 | H4: =SUMIF('Student Data'!$C$2:$C$16,E4,'Student Data'!$E$2:$E$16) -> 416
A5: Total marks | B5: =SUM('Student Data'!E2:E16) -> 1135 | E5: ECE | F5: =COUNTIF('Student Data'!$C$2:$C$16,E5) -> 3 | G5: =AVERAGEIF('Student Data'!$C$2:$C$16,E5,'Student Data'!$E$2:$E$16) -> 83.333333 | H5: =SUMIF('Student Data'!$C$2:$C$16,E5,'Student Data'!$E$2:$E$16) -> 250
A6: Average marks | B6: =AVERAGE('Student Data'!E2:E16) -> 75.666667 | E6: EEE | F6: =COUNTIF('Student Data'!$C$2:$C$16,E6) -> 4 | G6: =AVERAGEIF('Student Data'!$C$2:$C$16,E6,'Student Data'!$E$2:$E$16) -> 71.75 | H6: =SUMIF('Student Data'!$C$2:$C$16,E6,'Student Data'!$E$2:$E$16) -> 287
A7: Highest marks | B7: =MAX('Student Data'!E2:E16) -> 96 | E7: AI | F7: =COUNTIF('Student Data'!$C$2:$C$16,E7) -> 3 | G7: =AVERAGEIF('Student Data'!$C$2:$C$16,E7,'Student Data'!$E$2:$E$16) -> 60.666667 | H7: =SUMIF('Student Data'!$C$2:$C$16,E7,'Student Data'!$E$2:$E$16) -> 182
A8: Lowest marks | B8: =MIN('Student Data'!E2:E16) -> 38
A9: Students passed | B9: =COUNTIF('Student Data'!H2:H16,"Pass") -> 14 | E9: Find a Student
A10: Marks 80+ and attendance 90+ | B10: =COUNTIFS('Student Data'!E2:E16,">=80",'Student Data'!F2:F16,">=90") -> 7 | E10: Student | F10: Meera Nair
E11: Department | F11: =VLOOKUP($F$10,'Student Data'!$A$2:$H$16,3,FALSE) -> ECE
E12: Workshop | F12: =VLOOKUP($F$10,'Student Data'!$A$2:$H$16,4,FALSE) -> Excel Analytics Workshop
A13: Grade | B13: Students | C13: Share | E13: Marks | F13: =VLOOKUP($F$10,'Student Data'!$A$2:$H$16,5,FALSE) -> 96
A14: A+ | B14: =COUNTIF('Student Data'!$G$2:$G$16,A14) -> 4 | C14: =B14/$B$20 -> 0.26666667 | E14: Grade | F14: =VLOOKUP($F$10,'Student Data'!$A$2:$H$16,7,FALSE) -> A+
A15: A | B15: =COUNTIF('Student Data'!$G$2:$G$16,A15) -> 3 | C15: =B15/$B$20 -> 0.2
A16: B | B16: =COUNTIF('Student Data'!$G$2:$G$16,A16) -> 3 | C16: =B16/$B$20 -> 0.2
A17: C | B17: =COUNTIF('Student Data'!$G$2:$G$16,A17) -> 2 | C17: =B17/$B$20 -> 0.13333333
A18: D | B18: =COUNTIF('Student Data'!$G$2:$G$16,A18) -> 2 | C18: =B18/$B$20 -> 0.13333333
A19: F | B19: =COUNTIF('Student Data'!$G$2:$G$16,A19) -> 1 | C19: =B19/$B$20 -> 0.066666667
A20: Total | B20: =SUM(B14:B19) -> 15 | C20: =SUM(C14:C19) -> 1

Sheet Pivot
A3: Grade | B3: Number of Students | E3: Department | F3: Average Marks
A4: A | B4: 3 | E4: AI | F4: 60.666667
A5: A+ | B5: 4 | E5: CSE | F5: 83.2
A6: B | B6: 3 | E6: ECE | F6: 83.333333
A7: C | B7: 2 | E7: EEE | F7: 71.75
A8: D | B8: 2 | E8: Grand Total | F8: 75.666667
A9: F | B9: 1
A10: Grand Total | B10: 15
